employee_id,before,after
1,4.078494308,4.589096301
2,3.238917338,3.520915694
3,4.13480296,4.543426407
4,4.377818929,5
5,3.906717452,4.364047172
6,4.638397906,5
7,3.3131054,3.305148558
8,3.077672648,3.701548718
9,2.810639876,3.40428513
10,4.448022156,5
11,4.027182828,4.334849358
12,3.672207665,4.137952763
13,3.839984313,4.314799418
14,3.137255476,4.01049146
15,4.92287599,5
16,3.764610591,4.248317049
17,3.754697397,4.33706635
18,4.062883312,4.518866049
19,3.940504616,4.206574532
20,3.811942012,4.27016901
21,3.304762772,4.026852297
22,3.935734179,4.027779589
23,4.641012248,5
24,4.372710023,4.562673779
25,4.496593313,5
26,3.444392162,3.38743609
27,3.20519759,3.437521036
28,3.63710654,4.150270102
29,3.727862456,4.597519665
30,4.247095759,4.627370681
31,2.853767685,3.087207827
32,4.46477516,5
33,3.620996051,3.586591881
34,3.486559465,3.226917678
35,3.193947812,3.725952147
36,2.872571664,3.121955397
37,4.111585292,4.205215447
38,3.736658984,4.349165918
39,3.05501955,3.528159764
40,3.052460614,3.283237025
41,3.53210765,3.548016331
42,4.534510763,5
43,3.570204324,4.165264678
44,2.948428523,3.318675764
45,3.577128468,4.531119567
46,3.563638215,3.642612785
47,2.351556679,2.293899127
48,3.672852567,3.865280146
49,3.584532735,3.97085693
50,4.048103182,4.521105017
51,4.624478047,4.95210723
52,4.263282515,4.768899134
53,3.565555655,3.590093827
54,3.146737046,3.979866427
55,4.986679902,5
56,3.729609217,4.464797966
57,3.706964646,4.20978225
58,3.687937456,4.224963422
59,3.79904238,4.369972564
60,3.627819794,4.162132362
61,3.413168997,4.005985825
62,3.426570529,4.225316288
63,3.683623365,4.142579716
64,3.428287614,4.040988742
65,3.343577109,3.7166564
66,3.753215114,4.585250278
67,3.572511391,3.769593701
68,4.451996494,5
69,2.374515096,2.762467711
70,4.245753426,4.216520895
71,4.323042596,4.761473921
72,2.663304884,2.858989387
73,3.528656203,4.180849268
74,3.514279567,3.718492373
75,2.996244153,3.262389123
76,3.311091656,3.144229437
77,3.144712077,3.409020181
78,4.576135222,4.248971424
79,4.167839197,4.09266835
80,4.335777547,4.963901944
81,4.060836032,4.69657608
82,3.135474114,3.663111383
83,3.437739867,3.547647024
84,3.944687281,4.330373874
85,3.088936096,3.487855334
86,4.056499215,4.108989808
87,3.579837301,4.430856791
88,3.512589596,4.175798283
89,4.055479984,4.389190732
90,3.922131656,4.330197407
91,3.519516917,3.982031759
92,4.279664902,4.067144441
93,3.159468336,3.485315121
94,4.007967803,4.203372529
95,3.996550629,4.096064626
96,3.54522678,3.860896692
97,3.863066511,4.802372469
98,3.074443212,3.66669607
99,4.16201351,4.390659813
100,3.607548932,4.179323766
101,3.43863849,4.258445121
102,4.224504613,4.901894718
103,3.347828155,3.765717266
104,2.995769352,3.201688319
105,2.921685413,3.531152407
106,4.003004976,4.521050591
107,3.059785324,3.72834329
108,4.577397091,5
109,2.659035296,3.373901111
110,4.548228184,4.787657621
111,3.805508734,4.600726953
112,3.651643444,4.110923325
113,3.427540457,4.450118718
114,3.899568057,4.092811712
115,3.681182649,4.60197179
116,4.251650941,4.711024176
117,3.757113824,3.961688423
118,3.775150881,4.029985131
119,3.518193894,3.822089701
120,3.671527188,4.198776972
121,3.853900884,4.410751531
122,2.844915804,3.072805802
123,3.025907289,3.418600911
124,4.071632047,5
125,3.785432719,4.70369567
126,3.608008332,4.138905433
127,3.709216967,4.12061801
128,3.873790853,4.309800251
129,3.43012016,4.014175552
130,3.310847637,3.404009868
131,3.797922628,4.120709666
132,3.210813611,3.110238389
133,3.904126378,4.423893315
134,2.848708198,3.44286698
135,4.214577819,4.46962188
136,3.936298741,4.80849477
137,3.828014867,3.860285168
138,4.191345492,4.152033028
139,4.532737222,5
140,4.207185033,4.921314523
141,2.779562884,3.684741192
142,3.060211517,3.322546238
143,3.387590711,4.111194961
144,3.713045525,4.101492984
145,3.95882951,4.30704132
146,3.337128093,4.002226075
147,3.793383382,4.389080246
148,3.322308534,3.249390887
149,3.394241099,4.237203203
150,2.996669452,3.810696858
151,3.238383377,3.450714566
152,3.024157697,3.542898757
153,3.212063374,3.760272429
154,4.226820898,4.705023028
155,3.225300556,3.460209009
156,5,5
157,3.94665895,4.338992729
158,3.792418062,4.544236768
159,3.27082111,3.833901156
160,4.05015494,4.33897064
161,3.412181087,4.0436907
162,3.761004907,3.306442121
163,4.980042269,5
164,3.65197005,3.530055917
165,4.274636663,4.565904381
166,3.348411787,3.412510819
167,3.682505755,3.694101312
168,4.585400318,5
169,3.386516471,3.646206111
170,4.606224279,5
171,4.053875968,4.439799794
172,3.418766612,3.96187886
173,4.01620387,4.439250437
174,4.186277225,4.201379558
175,4.010904981,4.709785027
176,2.91488764,3.166760665
177,3.336431412,3.269456842
178,3.576240682,3.847806134
179,3.662783285,4.513011223
180,4.010336049,4.665402571
181,3.7888505,4.08425486
182,3.032327821,3.327550509
183,3.890098926,4.19360841
184,4.005292873,5
185,3.979895224,4.49447586
186,4.240390363,4.769402857
187,4.116961077,4.826046113
188,3.92959004,4.401226787
189,3.664917144,3.987204501
190,2.869519533,3.210614579
191,3.91480911,4.293328732
192,3.803843844,4.192677173
193,3.835789419,4.454078282
194,3.061625712,3.477209478
195,3.15947173,3.779263753
196,4.226576427,4.602361453
197,3.680222423,4.10381298
198,4.040750349,3.841290143
199,3.714159188,4.38905749
200,3.71487807,4.218824613
201,4.169141903,4.868544936
202,3.441977636,2.973101022
203,3.748060388,4.7745728
204,3.468862356,3.826985467
205,3.482751886,4.215206731
206,3.545413938,3.63344216
207,3.811066886,4.394899057
208,3.460625689,3.54460102
209,4.327878063,4.540747375
210,3.252696349,4.226905755
211,3.606564178,3.949359458
212,3.480134471,3.945364333
213,4.423488942,5
214,3.798277388,4.346981955
215,4.21592227,4.661047941
216,2.957219813,3.466708114
217,3.833525133,4.954549809
218,4.144815398,4.527529759
219,3.741141995,4.201471709
220,4.232740188,4.947936506
221,3.441355775,4.173013555
222,4.40467372,5
223,4.849449062,5
224,3.51858072,3.575679246
225,3.477248739,4.367278199
226,4.426692239,4.482788621
227,4.489786073,4.980576712
228,3.438569986,3.612287231
229,3.489906591,3.870665087
230,3.559107696,4.057736419
231,3.027774744,3.524181909
232,3.240674027,3.767250253
233,3.197929617,4.082042997
234,3.316101217,3.852161508
235,3.682657556,4.009410566
236,3.817107366,4.506333517
237,4.475250246,5
238,3.20082298,3.232540635
239,4.192161199,4.77138122
240,3.593005578,4.203357401
241,3.675268145,3.985999094
242,4.037409746,4.85012179
243,3.138638989,3.493622313
244,3.891204873,4.328877809
245,3.783226104,4.131304557
246,3.946225632,4.350899346
247,3.844584322,3.915701796
248,4.92765007,4.895634805
249,3.381130008,4.259481527
250,3.434501522,3.580413118
251,3.388429737,3.491012032
252,3.42226144,3.176244406
253,3.381306436,3.589617912
254,4.294508266,4.297581328
255,4.410252124,5
256,3.414626853,4.11757198
257,3.283822213,3.47737711
258,3.935707778,5
259,3.423888478,4.118418124
260,4.016465909,4.319016494
261,3.80146151,3.451639796
262,2.942127943,4.029410714
263,4.473752601,4.456880861
264,4.597938837,4.504319212
265,3.393605655,4.100376784
266,3.50614922,4.638074942
267,3.842932695,4.658214541
268,3.867228395,4.436401131
269,4.029272136,4.607698439
270,4.705102269,5
271,3.611526386,4.239204963
272,3.300851378,3.785208805
273,3.010340386,3.441600717
274,3.33453498,3.715757042
275,3.683436514,3.857247137
276,4.597278932,4.913076409
277,3.44119435,3.333307306
278,3.811893976,4.182392088
279,3.691788552,3.79521122
280,4.294196637,4.363119842
281,4.963466213,5
282,3.434565614,4.252166299
283,3.455280279,4.130775261
284,4.222080439,4.150930257
285,4.040945745,4.144057304
286,4.623353663,5
287,3.991964093,4.097217875
288,3.520353955,3.85296401
289,3.995327415,4.560343045
290,4.25435179,4.363848454
291,4.110241091,4.541853742
292,3.953637016,3.953429367
293,4.233337345,4.452927052
294,4.284647795,4.780582375
295,4.391079496,4.313181375
296,4.024354944,4.556497365
297,3.61644096,4.01054962
298,3.773356843,4.33910383
299,4.303254483,4.770428723
300,3.291532165,4.100774293
