"점포ID","요일","매장유형","일매출"
"S001","평일","가맹점",1723394
"S002","주말","직영점",2507597
"S003","주말","가맹점",2560085
"S004","주말","가맹점",1971242
"S005","평일","직영점",2128689
"S006","평일","가맹점",1434002
"S007","주말","직영점",2702471
"S008","평일","직영점",2244261
"S009","주말","직영점",2629044
"S010","평일","가맹점",1324538
"S011","평일","직영점",2291242
"S012","주말","가맹점",2614007
"S013","주말","직영점",2512948
"S014","평일","가맹점",2338981
"S015","평일","직영점",2370591
"S016","평일","가맹점",2405447
"S017","평일","직영점",2368288
"S018","평일","가맹점",1916570
"S019","평일","가맹점",1866145
"S020","평일","직영점",2305696
"S021","평일","직영점",2285720
"S022","주말","가맹점",2444132
"S023","평일","직영점",1939929
"S024","주말","직영점",2602808
"S025","평일","직영점",2203731
"S026","평일","직영점",2117866
"S027","평일","가맹점",1837125
"S028","주말","직영점",2366752
"S029","평일","직영점",2101890
"S030","주말","가맹점",2573086
"S031","주말","직영점",2987501
"S032","평일","직영점",2273520
"S033","주말","직영점",2620802
"S034","주말","가맹점",2922052
"S035","평일","가맹점",1834239
"S036","주말","가맹점",2556091
"S037","평일","가맹점",2044558
"S038","평일","가맹점",1561849
"S039","주말","가맹점",2651876
"S040","평일","직영점",2471776
"S041","평일","직영점",2074631
"S042","주말","직영점",2243756
"S043","주말","직영점",2462275
"S044","주말","가맹점",2409822
"S045","주말","직영점",3004987
"S046","평일","가맹점",1862498
"S047","평일","가맹점",1607464
"S048","평일","직영점",2688182
"S049","주말","가맹점",2304166
"S050","주말","직영점",2014467
"S051","평일","가맹점",1995338
"S052","평일","가맹점",1810351
"S053","평일","가맹점",1573441
"S054","평일","직영점",1747181
"S055","주말","가맹점",2177537
"S056","주말","직영점",2976148
"S057","주말","직영점",2525147
"S058","주말","가맹점",2113064
"S059","주말","가맹점",2141108
"S060","평일","직영점",2248676
"S061","평일","직영점",2235366
"S062","평일","가맹점",1838103
"S063","평일","가맹점",1838103
"S064","평일","직영점",2402401
"S065","평일","직영점",2148152
"S066","주말","직영점",2201990
"S067","주말","가맹점",2077333
"S068","주말","가맹점",2285844
"S069","주말","직영점",2237695
"S070","평일","가맹점",1815408
"S071","평일","가맹점",2402022
"S072","주말","가맹점",2750739
"S073","평일","가맹점",1946869
"S074","주말","직영점",2513550
"S075","주말","직영점",2283386
"S076","주말","직영점",2766801
"S077","주말","가맹점",2601955
"S078","주말","직영점",3317698
"S079","주말","가맹점",3188142
"S080","평일","직영점",1878048
"S081","평일","가맹점",1687164
"S082","주말","직영점",2120935
"S083","평일","직영점",2457204
"S084","평일","직영점",2775242
"S085","평일","직영점",2377220
"S086","주말","직영점",2519174
"S087","주말","가맹점",2878030
"S088","평일","직영점",2276054
"S089","평일","직영점",1936862
"S090","주말","가맹점",2402141
"S091","주말","직영점",2425174
"S092","평일","직영점",2247017
"S093","주말","가맹점",2632188
"S094","평일","직영점",2246000
"S095","주말","가맹점",3019588
"S096","주말","직영점",2227472
"S097","주말","가맹점",2555818
"S098","평일","가맹점",2338706
"S099","평일","직영점",1979051
"S100","주말","직영점",2411362
"S101","주말","가맹점",2327488
"S102","주말","직영점",2644865
"S103","평일","가맹점",2126018
"S104","주말","가맹점",3096809
"S105","주말","가맹점",2262464
"S106","주말","직영점",2741058
"S107","주말","가맹점",2189299
"S108","평일","가맹점",1950998
"S109","주말","가맹점",2538060
"S110","주말","직영점",2424526
"S111","평일","직영점",2122981
"S112","평일","가맹점",1714910
"S113","평일","가맹점",1962795
"S114","평일","직영점",2480320
"S115","평일","가맹점",2052193
"S116","주말","가맹점",2634215
"S117","주말","가맹점",2588229
"S118","평일","직영점",1963585
"S119","주말","직영점",2628047
"S120","주말","가맹점",2510987
"S121","주말","직영점",2782432
"S122","주말","직영점",2336152
"S123","평일","가맹점",1447464
"S124","평일","직영점",2117744
"S125","평일","가맹점",1898569
"S126","평일","가맹점",1671660
"S127","평일","직영점",2258373
"S128","주말","직영점",2597810
"S129","평일","가맹점",2178670
"S130","주말","가맹점",2142361
"S131","주말","직영점",2428003
"S132","주말","가맹점",2356140
"S133","주말","직영점",1807457
"S134","주말","직영점",2636764
"S135","평일","가맹점",1691356
"S136","평일","가맹점",2105023
"S137","주말","직영점",2422264
"S138","평일","직영점",2275629
"S139","주말","가맹점",2198471
"S140","평일","가맹점",2203426
"S141","주말","직영점",2569384
"S142","주말","가맹점",2449454
"S143","주말","직영점",1930472
"S144","주말","직영점",2655283
"S145","주말","가맹점",1993005
"S146","주말","가맹점",2357276
"S147","주말","가맹점",2923661
"S148","평일","가맹점",1841739
"S149","평일","가맹점",2094339
"S150","주말","가맹점",2603702
"S151","평일","직영점",1788350
"S152","주말","가맹점",2340121
"S153","주말","가맹점",2219742
"S154","평일","가맹점",2074406
"S155","주말","가맹점",2334146
"S156","주말","직영점",3015400
"S157","평일","가맹점",2039941
"S158","평일","직영점",2165011
"S159","주말","직영점",2389389
"S160","주말","가맹점",2184563
"S161","평일","가맹점",1440100
"S162","평일","가맹점",1627755
"S163","주말","직영점",2541796
"S164","주말","직영점",2727240
"S165","주말","직영점",2631410
"S166","주말","가맹점",2345681
"S167","평일","직영점",2504765
"S168","평일","가맹점",1360987
"S169","평일","직영점",1804647
"S170","주말","가맹점",2426626
"S171","평일","직영점",2424534
"S172","주말","직영점",2596619
"S173","평일","직영점",1851661
"S174","주말","가맹점",2535710
"S175","주말","직영점",2346131
"S176","평일","직영점",2203188
"S177","주말","직영점",1889053
"S178","주말","가맹점",2363425
"S179","평일","가맹점",1803711
"S180","주말","가맹점",2368453
"S181","주말","가맹점",2308843
"S182","주말","직영점",2298762
"S183","평일","가맹점",2197262
"S184","평일","직영점",2366569
"S185","주말","가맹점",2465431
"S186","평일","직영점",1724313
"S187","주말","직영점",2295940
"S188","평일","가맹점",1910306
"S189","평일","가맹점",2149396
"S190","주말","직영점",2801616
"S191","평일","직영점",2020610
"S192","주말","직영점",2301735
"S193","평일","가맹점",2192355
"S194","주말","가맹점",1670834
"S195","주말","가맹점",2721549
"S196","평일","직영점",1961260
"S197","주말","직영점",1921755
"S198","평일","직영점",1869875
"S199","평일","직영점",2353526
"S200","주말","가맹점",2436108
"S201","평일","직영점",2069637
"S202","평일","가맹점",1943575
"S203","주말","직영점",2316662
"S204","평일","직영점",2115976
"S205","주말","가맹점",2354499
"S206","주말","가맹점",2321121
"S207","주말","가맹점",2911885
"S208","주말","가맹점",2667539
"S209","주말","직영점",2581178
"S210","평일","가맹점",2063302
"S211","평일","가맹점",1811497
"S212","주말","가맹점",2400859
"S213","주말","직영점",2508528
"S214","주말","직영점",2362495
"S215","주말","가맹점",2349677
"S216","평일","가맹점",2043044
"S217","주말","직영점",2587018
"S218","평일","직영점",1863556
"S219","평일","가맹점",2235797
"S220","주말","직영점",2378120
"S221","평일","직영점",2243710
"S222","주말","직영점",2755098
"S223","평일","가맹점",2049445
"S224","평일","가맹점",1687508
"S225","평일","가맹점",1648065
"S226","주말","직영점",2581552
"S227","주말","가맹점",2299479
"S228","주말","직영점",2767349
"S229","주말","직영점",2975969
"S230","주말","가맹점",2271826
"S231","주말","가맹점",2401598
"S232","주말","가맹점",2511253
"S233","주말","직영점",2386523
"S234","주말","직영점",2797577
"S235","주말","가맹점",2378336
"S236","평일","가맹점",2496350
"S237","평일","가맹점",1750726
"S238","주말","가맹점",2157406
"S239","주말","가맹점",2488944
"S240","평일","가맹점",2027222
"S241","평일","직영점",2197671
"S242","주말","직영점",2501829
"S243","주말","직영점",2223465
"S244","주말","직영점",1764777
"S245","주말","가맹점",2384864
"S246","평일","가맹점",1630495
"S247","주말","가맹점",2344662
"S248","주말","직영점",2991394
"S249","주말","가맹점",2407362
"S250","주말","가맹점",2366001
"S251","주말","가맹점",2485863
"S252","평일","가맹점",1758591
"S253","주말","가맹점",2290638
"S254","주말","직영점",2979200
"S255","평일","직영점",1983295
"S256","주말","가맹점",2414071
"S257","주말","가맹점",2393964
"S258","주말","가맹점",2610700
"S259","평일","가맹점",2444030
"S260","평일","가맹점",1746999
"S261","주말","직영점",2410636
"S262","주말","가맹점",2008192
"S263","주말","가맹점",2384203
"S264","평일","직영점",2019556
"S265","평일","직영점",2044877
"S266","주말","가맹점",2244029
"S267","평일","가맹점",1975717
"S268","주말","가맹점",2280162
"S269","주말","가맹점",2319193
"S270","평일","가맹점",1536189
"S271","주말","가맹점",1976021
"S272","평일","직영점",2086404
"S273","주말","가맹점",2185794
"S274","평일","가맹점",1978553
"S275","평일","가맹점",1707036
"S276","주말","직영점",2721457
"S277","주말","직영점",2329004
"S278","평일","직영점",2469429
"S279","주말","직영점",2160219
"S280","평일","가맹점",2271294
"S281","평일","가맹점",1866031
"S282","주말","가맹점",2334463
"S283","평일","가맹점",2201597
"S284","주말","가맹점",2417192
"S285","평일","직영점",2310889
"S286","주말","가맹점",2477708
"S287","주말","가맹점",2464713
"S288","평일","가맹점",2082609
"S289","주말","가맹점",2576081
"S290","주말","가맹점",2140469
"S291","주말","가맹점",2324129
"S292","평일","가맹점",1978259
"S293","주말","가맹점",2062124
"S294","평일","직영점",2052298
"S295","평일","직영점",2575942
"S296","주말","직영점",2676520
"S297","평일","가맹점",1963072
"S298","평일","직영점",2243262
"S299","주말","가맹점",2576218
"S300","평일","가맹점",2055807
"S301","주말","가맹점",2367730
"S302","주말","가맹점",2422707
"S303","평일","가맹점",2108497
"S304","평일","가맹점",1685241
"S305","평일","직영점",2392223
"S306","주말","직영점",2185157
"S307","주말","가맹점",2204039
"S308","평일","가맹점",1984389
"S309","평일","직영점",2515763
"S310","주말","직영점",2443847
"S311","평일","가맹점",1847599
"S312","평일","가맹점",2060137
"S313","주말","가맹점",2628539
"S314","평일","가맹점",1688310
"S315","평일","가맹점",1798279
"S316","평일","가맹점",1564745
"S317","평일","직영점",2114709
"S318","주말","직영점",2779686
"S319","주말","가맹점",2384632
"S320","평일","직영점",2006522
"S321","평일","직영점",2377137
"S322","평일","직영점",2213785
"S323","주말","직영점",2617708
"S324","평일","가맹점",1962532
"S325","주말","가맹점",2543306
"S326","평일","가맹점",1891180
"S327","주말","직영점",2478467
"S328","주말","직영점",2381058
"S329","평일","직영점",2433802
"S330","평일","가맹점",1960323
"S331","주말","직영점",2614889
"S332","평일","가맹점",1605661
"S333","주말","가맹점",2346680
"S334","주말","직영점",2580718
"S335","평일","가맹점",2152294
"S336","주말","가맹점",2199936
"S337","평일","가맹점",1429378
"S338","주말","가맹점",2290594
"S339","주말","가맹점",2500773
"S340","평일","직영점",2130855
"S341","평일","직영점",1906238
"S342","평일","가맹점",1742936
"S343","주말","직영점",2735762
"S344","평일","가맹점",2261456
"S345","주말","직영점",2431982
"S346","주말","직영점",2897285
"S347","평일","직영점",2322992
"S348","평일","가맹점",2062034
"S349","평일","가맹점",2010342
"S350","주말","직영점",2794356
"S351","평일","직영점",1791026
"S352","주말","가맹점",1854875
"S353","평일","직영점",2193651
"S354","주말","가맹점",2751027
"S355","주말","가맹점",2411963
"S356","주말","가맹점",2485645
"S357","주말","직영점",2746515
"S358","주말","직영점",2556405
"S359","주말","직영점",2472166
"S360","주말","직영점",2240084
"S361","주말","직영점",2297199
"S362","주말","직영점",2547503
"S363","주말","가맹점",2645901
"S364","평일","가맹점",1583796
"S365","평일","직영점",2443289
"S366","주말","직영점",2891815
"S367","평일","가맹점",2104706
"S368","평일","직영점",1973509
"S369","평일","가맹점",1778558
"S370","평일","가맹점",1714201
"S371","주말","가맹점",2427647
"S372","평일","직영점",2042256
"S373","평일","가맹점",1492023
"S374","주말","직영점",2502817
"S375","주말","가맹점",2460987
"S376","주말","직영점",2519048
"S377","평일","직영점",2557458
"S378","주말","직영점",2746836
"S379","주말","가맹점",2574093
"S380","주말","가맹점",2398299
"S381","평일","직영점",1910882
"S382","평일","직영점",1863080
"S383","주말","직영점",2506659
"S384","평일","직영점",2494155
"S385","평일","직영점",2312841
"S386","주말","가맹점",2317116
"S387","평일","가맹점",1908120
"S388","평일","가맹점",1933254
"S389","평일","가맹점",1707353
"S390","주말","가맹점",2535366
"S391","평일","직영점",2505724
"S392","평일","직영점",2268228
"S393","주말","직영점",2449989
"S394","평일","직영점",2554901
"S395","평일","직영점",2645606
"S396","주말","직영점",2585445
"S397","주말","가맹점",2481950
"S398","주말","직영점",2637524
"S399","평일","가맹점",1224579
"S400","평일","직영점",2325060
"S401","주말","직영점",2117905
"S402","평일","직영점",2404120
"S403","주말","가맹점",2245931
"S404","주말","가맹점",2085820
"S405","주말","직영점",2436162
"S406","주말","직영점",2862124
"S407","주말","가맹점",2147570
"S408","주말","가맹점",2260000
"S409","주말","가맹점",1913790
"S410","주말","가맹점",2579694
"S411","주말","가맹점",2290101
"S412","평일","직영점",2036744
"S413","평일","가맹점",1620777
"S414","평일","가맹점",2017711
"S415","평일","직영점",1745358
"S416","평일","가맹점",1710272
"S417","평일","가맹점",1950740
"S418","평일","직영점",2084157
"S419","주말","직영점",2702532
"S420","주말","가맹점",2585560
"S421","평일","직영점",2191604
"S422","평일","직영점",2174282
"S423","평일","가맹점",1829898
"S424","주말","가맹점",2098721
"S425","평일","가맹점",2244849
"S426","평일","가맹점",2182898
"S427","주말","가맹점",2115041
"S428","평일","가맹점",2420266
"S429","주말","직영점",2575747
"S430","주말","가맹점",2362440
"S431","평일","직영점",1884480
"S432","평일","직영점",2006076
"S433","주말","직영점",2611215
"S434","평일","직영점",2117869
"S435","평일","직영점",1961180
"S436","평일","직영점",2383712
"S437","평일","직영점",2691795
"S438","평일","가맹점",2293408
"S439","주말","직영점",2618440
"S440","주말","가맹점",2303658
"S441","평일","직영점",2183200
"S442","평일","직영점",2286477
"S443","주말","가맹점",2354168
"S444","평일","가맹점",1693878
"S445","평일","가맹점",1531997
"S446","주말","직영점",2640554
"S447","주말","가맹점",2281110
"S448","평일","가맹점",1796115
"S449","평일","직영점",1873456
"S450","주말","가맹점",2546315
"S451","주말","가맹점",2680919
"S452","평일","가맹점",1688810
"S453","평일","직영점",2636870
"S454","평일","직영점",2051586
"S455","평일","가맹점",1790017
"S456","평일","직영점",2124979
"S457","주말","가맹점",2501160
"S458","주말","직영점",2900067
"S459","평일","가맹점",1871565
"S460","평일","직영점",2155563
"S461","평일","가맹점",1546416
"S462","주말","가맹점",2341697
"S463","주말","직영점",2331135
"S464","평일","직영점",2339891
"S465","주말","직영점",2733773
"S466","주말","가맹점",2176296
"S467","평일","가맹점",1875695
"S468","평일","가맹점",1740401
"S469","평일","가맹점",1647844
"S470","주말","직영점",2706338
"S471","평일","직영점",2605365
"S472","평일","가맹점",1832054
"S473","주말","직영점",2730122
"S474","평일","가맹점",1550527
"S475","평일","직영점",2554241
"S476","평일","가맹점",1955779
"S477","평일","가맹점",1935652
"S478","주말","가맹점",2242130
"S479","주말","직영점",2599153
"S480","평일","가맹점",1681529
"S481","주말","직영점",2718495
"S482","주말","직영점",1980833
"S483","평일","가맹점",1748004
"S484","평일","가맹점",1544501
"S485","주말","직영점",2316534
"S486","주말","가맹점",2221046
"S487","주말","직영점",2300301
"S488","주말","직영점",2583599
"S489","평일","가맹점",1886379
"S490","주말","직영점",2438832
"S491","주말","직영점",2340186
"S492","주말","직영점",2143737
"S493","평일","가맹점",1677464
"S494","평일","가맹점",1901228
"S495","주말","직영점",1921908
"S496","주말","직영점",2462132
"S497","평일","가맹점",2125940
"S498","평일","직영점",2371202
"S499","평일","직영점",2170496
"S500","주말","직영점",2043722
"S501","주말","직영점",2530078
"S502","주말","가맹점",2885765
"S503","주말","직영점",3023944
"S504","평일","직영점",2070397
"S505","주말","가맹점",2312826
"S506","평일","직영점",1865212
"S507","주말","직영점",2609239
"S508","평일","가맹점",1574428
"S509","주말","가맹점",2191540
"S510","평일","가맹점",2183580
"S511","평일","직영점",2422063
"S512","평일","가맹점",2144891
"S513","주말","가맹점",2748672
"S514","주말","직영점",2423234
"S515","평일","가맹점",1657461
"S516","주말","직영점",2585955
"S517","평일","가맹점",1938066
"S518","평일","가맹점",1355706
"S519","평일","직영점",2221600
"S520","주말","가맹점",2397723
