"거래ID","시간대","매장유형","고객당매출"
"T1","점심","직영점",14787
"T2","점심","가맹점",16888
"T3","점심","직영점",15359
"T4","점심","가맹점",17421
"T5","점심","직영점",14936
"T6","점심","가맹점",17805
"T7","점심","직영점",14851
"T8","점심","가맹점",17098
"T9","점심","직영점",15620
"T10","점심","가맹점",16641
"T11","점심","직영점",14966
"T12","점심","가맹점",17172
"T13","점심","직영점",14370
"T14","점심","가맹점",17570
"T15","점심","직영점",14389
"T16","점심","가맹점",17787
"T17","점심","직영점",15037
"T18","점심","가맹점",16412
"T19","점심","직영점",14206
"T20","점심","가맹점",16626
"T21","점심","직영점",15242
"T22","점심","가맹점",16998
"T23","점심","직영점",14996
"T24","점심","가맹점",17297
"T25","점심","직영점",14950
"T26","점심","가맹점",16881
"T27","점심","직영점",15024
"T28","점심","가맹점",17148
"T29","점심","직영점",14583
"T30","점심","가맹점",16313
"T31","점심","직영점",15070
"T32","점심","가맹점",17331
"T33","점심","직영점",15566
"T34","점심","가맹점",16762
"T35","점심","직영점",15426
"T36","점심","가맹점",16624
"T37","점심","직영점",14912
"T38","점심","가맹점",17376
"T39","점심","직영점",15119
"T40","점심","가맹점",17634
"T41","점심","직영점",14927
"T42","점심","가맹점",17592
"T43","점심","직영점",15210
"T44","점심","가맹점",16614
"T45","점심","직영점",15357
"T46","점심","가맹점",17050
"T47","점심","직영점",15519
"T48","점심","가맹점",17421
"T49","점심","직영점",15045
"T50","점심","가맹점",17010
"T51","점심","직영점",15115
"T52","점심","가맹점",17105
"T53","점심","직영점",15737
"T54","점심","가맹점",18040
"T55","점심","직영점",15074
"T56","점심","가맹점",17859
"T57","점심","직영점",15520
"T58","점심","가맹점",16409
"T59","점심","직영점",15514
"T60","점심","가맹점",17023
"T61","점심","직영점",14938
"T62","점심","가맹점",16990
"T63","점심","직영점",14735
"T64","점심","가맹점",17412
"T65","점심","직영점",14953
"T66","점심","가맹점",16790
"T67","점심","직영점",14610
"T68","점심","가맹점",17024
"T69","점심","직영점",15107
"T70","점심","가맹점",17091
"T71","점심","직영점",15365
"T72","점심","가맹점",16346
"T73","점심","직영점",14714
"T74","점심","가맹점",17382
"T75","점심","직영점",15463
"T76","점심","가맹점",16724
"T77","점심","직영점",15101
"T78","점심","가맹점",17216
"T79","점심","직영점",15093
"T80","점심","가맹점",16536
"T81","점심","직영점",13775
"T82","점심","가맹점",17282
"T83","점심","직영점",15016
"T84","점심","가맹점",17934
"T85","점심","직영점",13780
"T86","점심","가맹점",17293
"T87","점심","직영점",15623
"T88","점심","가맹점",16464
"T89","점심","직영점",14829
"T90","점심","가맹점",17021
"T91","점심","직영점",14706
"T92","점심","가맹점",16480
"T93","점심","직영점",15078
"T94","점심","가맹점",16920
"T95","점심","직영점",15928
"T96","점심","가맹점",17654
"T97","점심","직영점",14190
"T98","점심","가맹점",17845
"T99","점심","직영점",14979
"T100","점심","가맹점",17528
"T101","점심","직영점",15402
"T102","점심","가맹점",17272
"T103","점심","직영점",14582
"T104","점심","가맹점",16874
"T105","점심","직영점",15702
"T106","점심","가맹점",17122
"T107","점심","직영점",14457
"T108","점심","가맹점",17707
"T109","점심","직영점",15775
"T110","점심","가맹점",16636
"T111","점심","직영점",15358
"T112","점심","가맹점",16517
"T113","점심","직영점",14681
"T114","점심","가맹점",16388
"T115","점심","직영점",14745
"T116","점심","가맹점",17573
"T117","점심","직영점",14332
"T118","점심","가맹점",16524
"T119","점심","직영점",15088
"T120","점심","가맹점",17008
"T121","점심","직영점",14189
"T122","점심","가맹점",16531
"T123","점심","직영점",15571
"T124","점심","가맹점",17289
"T125","점심","직영점",15308
"T126","점심","가맹점",17477
"T127","점심","직영점",14564
"T128","점심","가맹점",16724
"T129","점심","직영점",14844
"T130","점심","가맹점",16841
"T131","점심","직영점",15055
"T132","점심","가맹점",17368
"T133","점심","직영점",16076
"T134","점심","가맹점",15919
"T135","점심","직영점",15019
"T136","점심","가맹점",16991
"T137","점심","직영점",14421
"T138","점심","가맹점",17305
"T139","점심","직영점",15582
"T140","점심","가맹점",16890
"T141","점심","직영점",15462
"T142","점심","가맹점",17067
"T143","점심","직영점",14617
"T144","점심","가맹점",17786
"T145","점심","직영점",14848
"T146","점심","가맹점",17357
"T147","점심","직영점",14426
"T148","점심","가맹점",17232
"T149","점심","직영점",15851
"T150","점심","가맹점",17072
"T151","점심","직영점",14057
"T152","점심","가맹점",17239
"T153","점심","직영점",15195
"T154","점심","가맹점",16933
"T155","점심","직영점",14763
"T156","점심","가맹점",16810
"T157","점심","직영점",14419
"T158","점심","가맹점",17612
"T159","점심","직영점",15006
"T160","점심","가맹점",16573
"T161","점심","직영점",14859
"T162","점심","가맹점",17244
"T163","점심","직영점",14738
"T164","점심","가맹점",17997
"T165","점심","직영점",15548
"T166","점심","가맹점",16356
"T167","점심","직영점",15008
"T168","점심","가맹점",17049
"T169","점심","직영점",15626
"T170","점심","가맹점",16492
"T171","점심","직영점",14699
"T172","점심","가맹점",16700
"T173","점심","직영점",14766
"T174","점심","가맹점",17083
"T175","점심","직영점",13871
"T176","점심","가맹점",17008
"T177","점심","직영점",15231
"T178","점심","가맹점",16234
"T179","점심","직영점",15056
"T180","점심","가맹점",16614
"T181","점심","직영점",14474
"T182","점심","가맹점",16801
"T183","점심","직영점",15112
"T184","점심","가맹점",17609
"T185","점심","직영점",15536
"T186","점심","가맹점",17346
"T187","점심","직영점",14804
"T188","점심","가맹점",16568
"T189","점심","직영점",15397
"T190","점심","가맹점",16906
"T191","점심","직영점",14538
"T192","점심","가맹점",16757
"T193","점심","직영점",14857
"T194","점심","가맹점",17390
"T195","점심","직영점",14583
"T196","점심","가맹점",16577
"T197","점심","직영점",15127
"T198","점심","가맹점",17425
"T199","점심","직영점",15136
"T200","점심","가맹점",17899
"T201","점심","직영점",14857
"T202","점심","가맹점",16677
"T203","점심","직영점",14931
"T204","점심","가맹점",16275
"T205","점심","직영점",13911
"T206","점심","가맹점",17936
"T207","점심","직영점",15484
"T208","점심","가맹점",17277
"T209","점심","직영점",15096
"T210","점심","가맹점",17912
"T211","점심","직영점",14826
"T212","점심","가맹점",17180
"T213","점심","직영점",15047
"T214","점심","가맹점",16100
"T215","점심","직영점",15017
"T216","점심","가맹점",17371
"T217","점심","직영점",15168
"T218","점심","가맹점",17508
"T219","점심","직영점",15582
"T220","점심","가맹점",16318
"T221","점심","직영점",14761
"T222","점심","가맹점",16961
"T223","점심","직영점",14925
"T224","점심","가맹점",16664
"T225","점심","직영점",14505
"T226","점심","가맹점",17386
"T227","점심","직영점",15085
"T228","점심","가맹점",17331
"T229","점심","직영점",14629
"T230","점심","가맹점",16834
"T231","점심","직영점",15430
"T232","점심","가맹점",16515
"T233","점심","직영점",15430
"T234","점심","가맹점",16864
"T235","점심","직영점",16270
"T236","점심","가맹점",16820
"T237","점심","직영점",15203
"T238","점심","가맹점",16778
"T239","점심","직영점",14074
"T240","점심","가맹점",16855
"T241","점심","직영점",15411
"T242","점심","가맹점",18229
"T243","점심","직영점",15222
"T244","점심","가맹점",17366
"T245","점심","직영점",15484
"T246","점심","가맹점",16497
"T247","점심","직영점",14971
"T248","점심","가맹점",17783
"T249","점심","직영점",15196
"T250","점심","가맹점",17650
"T251","점심","직영점",14135
"T252","점심","가맹점",17065
"T253","점심","직영점",14942
"T254","점심","가맹점",17955
"T255","점심","직영점",15823
"T256","점심","가맹점",16595
"T257","점심","직영점",15069
"T258","점심","가맹점",16674
"T259","점심","직영점",14685
"T260","점심","가맹점",17624
"T261","저녁","직영점",16725
"T262","저녁","가맹점",14248
"T263","저녁","직영점",17593
"T264","저녁","가맹점",15051
"T265","저녁","직영점",17115
"T266","저녁","가맹점",14912
"T267","저녁","직영점",17659
"T268","저녁","가맹점",14975
"T269","저녁","직영점",17978
"T270","저녁","가맹점",15435
"T271","저녁","직영점",17251
"T272","저녁","가맹점",14521
"T273","저녁","직영점",16494
"T274","저녁","가맹점",15398
"T275","저녁","직영점",17359
"T276","저녁","가맹점",14988
"T277","저녁","직영점",17624
"T278","저녁","가맹점",14080
"T279","저녁","직영점",16860
"T280","저녁","가맹점",14913
"T281","저녁","직영점",18212
"T282","저녁","가맹점",14837
"T283","저녁","직영점",17351
"T284","저녁","가맹점",15506
"T285","저녁","직영점",17685
"T286","저녁","가맹점",15445
"T287","저녁","직영점",16398
"T288","저녁","가맹점",14494
"T289","저녁","직영점",16774
"T290","저녁","가맹점",14307
"T291","저녁","직영점",16002
"T292","저녁","가맹점",15517
"T293","저녁","직영점",17204
"T294","저녁","가맹점",15120
"T295","저녁","직영점",17088
"T296","저녁","가맹점",15490
"T297","저녁","직영점",17150
"T298","저녁","가맹점",15284
"T299","저녁","직영점",17301
"T300","저녁","가맹점",14871
"T301","저녁","직영점",17313
"T302","저녁","가맹점",15143
"T303","저녁","직영점",16891
"T304","저녁","가맹점",15472
"T305","저녁","직영점",17000
"T306","저녁","가맹점",15112
"T307","저녁","직영점",16862
"T308","저녁","가맹점",14996
"T309","저녁","직영점",16941
"T310","저녁","가맹점",14489
"T311","저녁","직영점",16434
"T312","저녁","가맹점",15519
"T313","저녁","직영점",17086
"T314","저녁","가맹점",15646
"T315","저녁","직영점",16933
"T316","저녁","가맹점",15353
"T317","저녁","직영점",17852
"T318","저녁","가맹점",15224
"T319","저녁","직영점",16639
"T320","저녁","가맹점",15122
"T321","저녁","직영점",16899
"T322","저녁","가맹점",14452
"T323","저녁","직영점",17256
"T324","저녁","가맹점",14169
"T325","저녁","직영점",17437
"T326","저녁","가맹점",15002
"T327","저녁","직영점",16625
"T328","저녁","가맹점",15437
"T329","저녁","직영점",16948
"T330","저녁","가맹점",14578
"T331","저녁","직영점",17717
"T332","저녁","가맹점",15276
"T333","저녁","직영점",16840
"T334","저녁","가맹점",15195
"T335","저녁","직영점",17151
"T336","저녁","가맹점",14980
"T337","저녁","직영점",17791
"T338","저녁","가맹점",15278
"T339","저녁","직영점",16908
"T340","저녁","가맹점",15449
"T341","저녁","직영점",16606
"T342","저녁","가맹점",14620
"T343","저녁","직영점",17215
"T344","저녁","가맹점",14407
"T345","저녁","직영점",16696
"T346","저녁","가맹점",14932
"T347","저녁","직영점",16842
"T348","저녁","가맹점",14427
"T349","저녁","직영점",17066
"T350","저녁","가맹점",15095
"T351","저녁","직영점",17788
"T352","저녁","가맹점",15075
"T353","저녁","직영점",16980
"T354","저녁","가맹점",15339
"T355","저녁","직영점",17369
"T356","저녁","가맹점",15358
"T357","저녁","직영점",16975
"T358","저녁","가맹점",15874
"T359","저녁","직영점",17758
"T360","저녁","가맹점",14745
"T361","저녁","직영점",16378
"T362","저녁","가맹점",14378
"T363","저녁","직영점",16612
"T364","저녁","가맹점",15529
"T365","저녁","직영점",16912
"T366","저녁","가맹점",14500
"T367","저녁","직영점",16377
"T368","저녁","가맹점",14624
"T369","저녁","직영점",16963
"T370","저녁","가맹점",14652
"T371","저녁","직영점",16470
"T372","저녁","가맹점",15189
"T373","저녁","직영점",17362
"T374","저녁","가맹점",13974
"T375","저녁","직영점",17331
"T376","저녁","가맹점",16098
"T377","저녁","직영점",16805
"T378","저녁","가맹점",14670
"T379","저녁","직영점",15818
"T380","저녁","가맹점",15112
"T381","저녁","직영점",17077
"T382","저녁","가맹점",14302
"T383","저녁","직영점",17279
"T384","저녁","가맹점",14831
"T385","저녁","직영점",16708
"T386","저녁","가맹점",15873
"T387","저녁","직영점",16815
"T388","저녁","가맹점",14399
"T389","저녁","직영점",17676
"T390","저녁","가맹점",14643
"T391","저녁","직영점",17130
"T392","저녁","가맹점",14991
"T393","저녁","직영점",17527
"T394","저녁","가맹점",14777
"T395","저녁","직영점",17206
"T396","저녁","가맹점",15342
"T397","저녁","직영점",15959
"T398","저녁","가맹점",15416
"T399","저녁","직영점",17112
"T400","저녁","가맹점",14030
"T401","저녁","직영점",16876
"T402","저녁","가맹점",15071
"T403","저녁","직영점",15926
"T404","저녁","가맹점",15038
"T405","저녁","직영점",17026
"T406","저녁","가맹점",15640
"T407","저녁","직영점",17202
"T408","저녁","가맹점",15004
"T409","저녁","직영점",16476
"T410","저녁","가맹점",14255
"T411","저녁","직영점",16814
"T412","저녁","가맹점",14693
"T413","저녁","직영점",17246
"T414","저녁","가맹점",15164
"T415","저녁","직영점",16713
"T416","저녁","가맹점",16179
"T417","저녁","직영점",17369
"T418","저녁","가맹점",14716
"T419","저녁","직영점",16989
"T420","저녁","가맹점",15124
"T421","저녁","직영점",17472
"T422","저녁","가맹점",14577
"T423","저녁","직영점",17266
"T424","저녁","가맹점",15789
"T425","저녁","직영점",16841
"T426","저녁","가맹점",14413
"T427","저녁","직영점",16701
"T428","저녁","가맹점",14602
"T429","저녁","직영점",17313
"T430","저녁","가맹점",15837
"T431","저녁","직영점",18000
"T432","저녁","가맹점",15297
"T433","저녁","직영점",17631
"T434","저녁","가맹점",15136
"T435","저녁","직영점",17532
"T436","저녁","가맹점",14056
"T437","저녁","직영점",17013
"T438","저녁","가맹점",15252
"T439","저녁","직영점",16939
"T440","저녁","가맹점",14762
"T441","저녁","직영점",17345
"T442","저녁","가맹점",14305
"T443","저녁","직영점",16822
"T444","저녁","가맹점",13624
"T445","저녁","직영점",16590
"T446","저녁","가맹점",14553
"T447","저녁","직영점",17779
"T448","저녁","가맹점",14258
"T449","저녁","직영점",17271
"T450","저녁","가맹점",15265
"T451","저녁","직영점",16336
"T452","저녁","가맹점",15314
"T453","저녁","직영점",16364
"T454","저녁","가맹점",15075
"T455","저녁","직영점",17398
"T456","저녁","가맹점",14346
"T457","저녁","직영점",16988
"T458","저녁","가맹점",14764
"T459","저녁","직영점",16888
"T460","저녁","가맹점",15591
"T461","저녁","직영점",16652
"T462","저녁","가맹점",13995
"T463","저녁","직영점",17790
"T464","저녁","가맹점",14851
"T465","저녁","직영점",16765
"T466","저녁","가맹점",14859
"T467","저녁","직영점",17212
"T468","저녁","가맹점",15086
"T469","저녁","직영점",16882
"T470","저녁","가맹점",13690
"T471","저녁","직영점",16354
"T472","저녁","가맹점",15014
"T473","저녁","직영점",16988
"T474","저녁","가맹점",15164
"T475","저녁","직영점",17030
"T476","저녁","가맹점",15408
"T477","저녁","직영점",16327
"T478","저녁","가맹점",14937
"T479","저녁","직영점",17496
"T480","저녁","가맹점",14192
"T481","저녁","직영점",17148
"T482","저녁","가맹점",14340
"T483","저녁","직영점",17395
"T484","저녁","가맹점",15309
"T485","저녁","직영점",16674
"T486","저녁","가맹점",14938
"T487","저녁","직영점",17867
"T488","저녁","가맹점",15283
"T489","저녁","직영점",17712
"T490","저녁","가맹점",14276
"T491","저녁","직영점",17156
"T492","저녁","가맹점",15454
"T493","저녁","직영점",17179
"T494","저녁","가맹점",14202
"T495","저녁","직영점",16966
"T496","저녁","가맹점",14361
"T497","저녁","직영점",16169
"T498","저녁","가맹점",15568
"T499","저녁","직영점",17826
"T500","저녁","가맹점",14610
"T501","저녁","직영점",17107
"T502","저녁","가맹점",15150
"T503","저녁","직영점",17405
"T504","저녁","가맹점",14890
"T505","저녁","직영점",16857
"T506","저녁","가맹점",15483
"T507","저녁","직영점",17293
"T508","저녁","가맹점",15535
"T509","저녁","직영점",16725
"T510","저녁","가맹점",15103
"T511","저녁","직영점",16775
"T512","저녁","가맹점",14622
"T513","저녁","직영점",17233
"T514","저녁","가맹점",15410
"T515","저녁","직영점",16884
"T516","저녁","가맹점",14509
"T517","저녁","직영점",17199
"T518","저녁","가맹점",15070
"T519","저녁","직영점",16462
"T520","저녁","가맹점",15183
